Workbook

Sheet How to use
B6: Outreach Tracker
B7: Every "no" is free market research. Log every response here, give each decline a reason, and the patterns will tell you what to fix.
B9: How to use it
B10: 1. Log every candidate you contact on the "Log" sheet, one row each. Use an ID instead of a name if you prefer.
B11: 2. When someone replies, record the outcome. For every decline, pick a reason code and paste their words into "Their words".
B12: 3. Note anything useful they mention: a salary figure, a company they joined or are talking to, a date to come back.
B13: 4. Every few weeks (or at 15+ replies), export the Log as a CSV and ask Claude: "Analyse my outreach responses". You get a report for your hiring manager.
B15: Why it works
B16: Sales teams run win/loss analysis: every lost deal gets a reason, and the patterns change pricing, product and pitch. Recruiting rarely does. The "Reason codes" sheet explains each reason, whether you can fix it, and what it tells you.
B18: Good practice
B19: • Paste their exact words. Quotes persuade hiring managers more than tallies.
B20: • Pick one main reason per decline. If they gave two, choose the one they led with and note the other.
... B25: Built with Outreach Intelligence, one of Move’s free Claude skills for talent acquisition teams. wearemove.com

Sheet Log
A1: Date contacted | B1: Candidate or ID | C1: Role | D1: Channel | E1: Touch | F1: Outcome | G1: Reason code | H1: Fixable? | I1: Their words | J1: Pay mentioned | K1: Company mentioned | L1: Re-engage date | M1: Notes
A2: 46296 | B2: C001 | C2: Senior Data Engineer | D2: LinkedIn InMail | E2: 1 | F2: Declined | G2: Pay | H2: =IF(G2="","",IFERROR(VLOOKUP(G2,'Reason codes'!$A$2:$C$10,3,FALSE),"")) | I2: Thanks, but I'm on £95k already so it wouldn't make sense. | J2: £95k base
A3: 46296 | B3: C002 | C3: Senior Data Engineer | D3: Email | E3: 2 | F3: Declined | G3: Timing | H3: =IF(G3="","",IFERROR(VLOOKUP(G3,'Reason codes'!$A$2:$C$10,3,FALSE),"")) | I3: Only joined in June, but ask me again in the spring. | L3: 46447
A4: 46297 | B4: C003 | C4: Senior Data Engineer | D4: LinkedIn InMail | E4: 1 | F4: No reply | H4: =IF(G4="","",IFERROR(VLOOKUP(G4,'Reason codes'!$A$2:$C$10,3,FALSE),""))
H5: =IF(G5="","",IFERROR(VLOOKUP(G5,'Reason codes'!$A$2:$C$10,3,FALSE),"")) | I5: Rows 2 to 4 are examples. Delete them when you start.
H6: =IF(G6="","",IFERROR(VLOOKUP(G6,'Reason codes'!$A$2:$C$10,3,FALSE),""))
H7: =IF(G7="","",IFERROR(VLOOKUP(G7,'Reason codes'!$A$2:$C$10,3,FALSE),""))
H8: =IF(G8="","",IFERROR(VLOOKUP(G8,'Reason codes'!$A$2:$C$10,3,FALSE),""))
H9: =IF(G9="","",IFERROR(VLOOKUP(G9,'Reason codes'!$A$2:$C$10,3,FALSE),""))
H10: =IF(G10="","",IFERROR(VLOOKUP(G10,'Reason codes'!$A$2:$C$10,3,FALSE),""))
H11: =IF(G11="","",IFERROR(VLOOKUP(G11,'Reason codes'!$A$2:$C$10,3,FALSE),""))
H12: =IF(G12="","",IFERROR(VLOOKUP(G12,'Reason codes'!$A$2:$C$10,3,FALSE),""))
H13: =IF(G13="","",IFERROR(VLOOKUP(G13,'Reason codes'!$A$2:$C$10,3,FALSE),""))
H14: =IF(G14="","",IFERROR(VLOOKUP(G14,'Reason codes'!$A$2:$C$10,3,FALSE),""))
H15: =IF(G15="","",IFERROR(VLOOKUP(G15,'Reason codes'!$A$2:$C$10,3,FALSE),""))
H16: =IF(G16="","",IFERROR(VLOOKUP(G16,'Reason codes'!$A$2:$C$10,3,FALSE),""))
H17: =IF(G17="","",IFERROR(VLOOKUP(G17,'Reason codes'!$A$2:$C$10,3,FALSE),""))
... H501: =IF(G501="","",IFERROR(VLOOKUP(G501,'Reason codes'!$A$2:$C$10,3,FALSE),""))

Sheet Reason codes
A1: Reason code | B1: What it sounds like | C1: Fixable? | D1: What it tells you, and what to do
A2: Pay | B2: Their current or expected pay is above your band, e.g. "I'm already on more than that". | C2: Yes | D2: Your pay band. Take the figures to the hiring manager; recheck the market (talent-market-mapper).
A3: Flexibility or location | B3: Office days, remote policy or commute, e.g. "I'm fully remote now". | C3: Yes | D3: Your work pattern. Repeated declines here are evidence for leadership on office policy.
A4: Scope or level | B4: The role looks like a step back or sideways, e.g. "I already lead a team". | C4: Yes | D4: The spec and level (role-calibrator, job-spec-auditor) or your targeting.
A5: Company | B5: Stage, stability, sector or brand, e.g. "I want somewhere more established". | C5: Partly | D5: Your employer story. Address it earlier in the message; check your EVP.
A6: Message | B6: The message missed, e.g. "Not my area" or "You clearly didn't read my profile". | C6: Yes | D6: Targeting and copy (candidate-outreach-writer). A message problem, not a market one.
A7: Timing | B7: Right person, wrong moment, e.g. "Just started", "Ask me in the spring". | C7: No | D7: Re-engage later. Always record a re-engage date.
A8: Not looking | B8: Happy where they are, with no stated reason. | C8: No | D8: Nurture pool. High volumes may mean you're reaching people too settled to move.
A9: Already committed | B9: Accepted an offer or in late stages elsewhere. | C9: No | D9: Competitor intel: note who they joined. Frequent cases mean your process is too slow.
A10: Other | B10: Doesn't fit the above. Describe it in Notes. | C10: Review | D10: Review regularly: a frequent 'Other' may need its own code.
A12: Fixable means it is within your control: pay, policy, the spec or the message. The rest are still useful, as re-engage dates and competitor intel.
